Country ,Year,Access to electricity (% of population),Agricultural land (% of land area),Arable land (% of land area),Average supply of protein of animal origin (g/cap/day),CO2 emissions by sector (Mt CO2 eq) - Building,CO2 emissions by sector (Mt CO2 eq) - Bunker Fuels,CO2 emissions by sector (Mt CO2 eq) - Electricity/Heat,CO2 emissions by sector (Mt CO2 eq) - Energy,CO2 emissions by sector (Mt CO2 eq) - Fugitive Emissions,CO2 emissions by sector (Mt CO2 eq) - Industrial Processes,CO2 emissions by sector (Mt CO2 eq) - Land-Use Change and Forestry,CO2 emissions by sector (Mt CO2 eq) - Manufacturing/Construction,CO2 emissions by sector (Mt CO2 eq) - Other Fuel Combustion,CO2 emissions by sector (Mt CO2 eq) - Total excluding LUCF,CO2 emissions by sector (Mt CO2 eq) - Total including LUCF,CO2 emissions by sector (Mt CO2 eq) - Transportation,CO2 emissions per dollar of manufacturing value added (kgCO2 per constant 2010 US$),Coal rents (% of GDP),Comparative advantage in environmental goods (index),Energy intensity of the economy (kWh per 2011$PPP),Food GHG emissions by system stage (Share of total) - Consumption,Food GHG emissions by system stage (Share of total) - End_of_Life,Food GHG emissions by system stage (Share of total) - LULUC (Production),Food GHG emissions by system stage (Share of total) - Packaging,Food GHG emissions by system stage (Share of total) - Processing,Food GHG emissions by system stage (Share of total) - Production,Food GHG emissions by system stage (Share of total) - Retail,Food GHG emissions by system stage (Share of total) - Transport,GDP (current US$),GDP growth (annual %),GDP per capita (current US$),"GHG emissions from food systems, by gas (Mt CO2 eq) - CO2","GHG emissions from food systems, by gas (Mt CO2 eq) - Methane","GHG emissions from food systems, by gas (Mt CO2 eq) - N2O",GHG growth (annual %),Government Effectiveness: Estimate,"Labor force, female (% of total labor force)",Mineral rents (% of GDP),Natural gas rents (% of GDP),Net food imports by crop - Barley,Net food imports by crop - Maize,"Net food imports by crop - Rice, milled","Net food imports by crop - Rice, paddy (rice milled equivalent)",Net food imports by crop - Soybeans,Net food imports by crop - Wheat,Non-CO2 GHG emissions by sector (Mt CO2 eq) - Agriculture,Non-CO2 GHG emissions by sector (Mt CO2 eq) - Energy,Non-CO2 GHG emissions by sector (Mt CO2 eq) - Fugitive Emissions,Non-CO2 GHG emissions by sector (Mt CO2 eq) - Industrial Processes,Non-CO2 GHG emissions by sector (Mt CO2 eq) - Land-Use Change and Forestry,Non-CO2 GHG emissions by sector (Mt CO2 eq) - Other Fuel Combustion,Non-CO2 GHG emissions by sector (Mt CO2 eq) - Total excluding LUCF,Non-CO2 GHG emissions by sector (Mt CO2 eq) - Total including LUCF,Non-CO2 GHG emissions by sector (Mt CO2 eq) - Waste,Oil rents (% of GDP),People using at least basic drinking water services (% of population),People using at least basic sanitation services (% of population),People with basic handwashing facilities including soap and water (% of population),Per capita daily coal consumption (short tons per capita per day),Per capita daily gas consumption (thousand cubic feet per capita per day),Per capita daily oil consumption (barrels per capita per day),Per capita GHG emissions (tons/capita),Political Stability and Absence of Violence/Terrorism: Estimate,"Population, total",Proportion of seats held by women in national parliaments (%),Regulatory Quality: Estimate,Rule of Law: Estimate,Share of surface occupied by forest (% of total),Tax revenue (% of GDP),Total GHG emissions by sector (Mt CO2 eq) - Agriculture,Total GHG emissions by sector (Mt CO2 eq) - Building,Total GHG emissions by sector (Mt CO2 eq) - Bunker Fuels,Total GHG emissions by sector (Mt CO2 eq) - Electricity/Heat,Total GHG emissions by sector (Mt CO2 eq) - Energy,Total GHG emissions by sector (Mt CO2 eq) - Fugitive Emissions,Total GHG emissions by sector (Mt CO2 eq) - Industrial Processes,Total GHG emissions by sector (Mt CO2 eq) - Land-Use Change and Forestry,Total GHG emissions by sector (Mt CO2 eq) - Manufacturing/Construction,Total GHG emissions by sector (Mt CO2 eq) - Other Fuel Combustion,Total GHG emissions by sector (Mt CO2 eq) - Total excluding LUCF,Total GHG emissions by sector (Mt CO2 eq) - Total including LUCF,Total GHG emissions by sector (Mt CO2 eq) - Transportation,Total GHG emissions by sector (Mt CO2 eq) - Waste,Total natural resources rents (% of GDP),Trade in environmental goods as share of total exports (%),Trade in environmental goods as share of total imports (%),"Unemployment, total (% of total labor force) (modeled ILO estimate)",Urban population (% of total population),Voice and Accountability: Estimate,,,
India,2006,67.9,60.50941918,53.36423168,9.7,81.35,34.48,638.85,1150.02,1.64,64.23,4.97,260.24,47.3,1214.25,1219.23,120.65,1.44,1.097788817,0.506848451,1.427,2.311664918,15.13434209,1.135711978,3.529952723,1.00822074,75.0911504,0.362012636,1.426944513,9.4026E+11,8.060732573,806.7532806,168340.0524,673149.017,128912.2927,4.85,-0.0983199,25.74275097,1.01880919,0.148632833,-832,1168,-670,-670,-496,6078723,662.47,107.43,48.47,12.17,3.13,58.96,851.32,854.45,69.26,1.389688817,83.65179214,31.24230559,..,0.001175635,0.003220171,0.002277162,1.78,-1.063722,1165486291,8.256880734,-0.2798955,0.1773311,23.11793057,11.12933705,662.47,81.35,34.48,638.85,1257.45,50.11,76.4,8.1,260.24,106.26,2065.57,2073.67,120.65,69.25,3.936968285,0.019671062,0.030545558,5.52,29.569,0.4371937,,,
India,2007,70.13076019,60.4132262,53.14897467,10.3,83.34,33.52,701.16,1267.59,1.64,68.51,4.97,294.8,43.67,1336.1,1341.07,142.98,1.5,1.183737893,0.524035925,1.402,2.303613383,14.94428689,1.336258747,3.80071936,1.032214142,74.52649591,0.377564882,1.678846692,1.21674E+12,7.660815065,1028.334772,179972.9403,686736.5266,132941.3668,7.04,0.1219054,25.0610008,1.700490275,0.085956171,-347540,-343563,-347691,-347691,-347807,2329997,679.66,110.32,50.92,12.64,5.41,59.4,873.14,878.55,70.52,1.185832764,84.16605196,34.01546073,..,0.001230738,0.003382091,0.002411533,1.88,-1.151811,1183209471,9.057301294,-0.3048282,0.0937817,23.18200317,12.10834699,679.66,83.34,33.52,701.16,1377.91,52.56,81.15,10.38,294.8,103.07,2209.24,2219.62,142.98,70.53,4.457773677,0.021385334,0.03365822,5.41,29.906,0.4539639,,,
India,2008,71.6510849,60.45930465,53.13989352,10.7,85.39,31.2,721.88,1350.8,1.64,73.08,4.97,308.18,70.49,1423.88,1428.85,163.21,1.56,2.845080212,0.574532271,1.295,2.337431656,15.10194982,1.080365811,3.581828212,1.017229482,74.57387458,0.395335775,1.911984661,1.1989E+12,3.08669806,998.5223415,178987.4778,692802.4152,135662.1935,4.41,-0.0191939,24.3762267,2.27975229,0.080400512,-164407,-159545,-166740,-166740,-166787,-166805,687.34,113.2,53.36,13.11,3.17,59.84,885.46,888.63,71.8,1.596356958,84.67634135,36.80268608,..,0.00124344,0.003464258,0.002456946,1.93,-1.107512,1200669762,9.057301294,-0.389451,0.0860389,23.24607576,10.97717215,687.34,85.39,31.2,721.88,1464.01,55,86.19,8.14,308.18,130.34,2309.34,2317.48,163.21,71.8,7.100894043,0.023354059,0.029830434,5.36,30.246,0.4621931,,,
India,2009,75,60.56390611,53.11601344,11,89.57,33.57,789.51,1483.48,1.86,85.05,4.98,355.6,68.24,1568.53,1573.51,178.71,1.65,1.389415438,0.505046747,1.311,2.39216479,15.036269,2.011392249,3.80072343,1.046679742,73.20076895,0.449813421,2.062188414,1.34189E+12,7.861888833,1101.960838,203817.9478,687165.8268,138321.6185,6.49,-0.0124214,23.70396794,0.93637579,0.12132141,-50839,-32087,-51158,-51158,-51173,113159,681.39,116.09,55.8,13.58,10.13,60.29,884.13,894.26,73.07,0.677677975,85.18237554,39.60301534,..,0.001234187,0.004235702,0.002479445,2.03,-1.353806,1217726217,10.82568807,-0.3267712,0.013824,23.31014836,9.809725406,681.39,89.57,33.57,789.51,1599.57,57.66,98.63,15.12,355.6,128.53,2452.66,2467.78,178.71,73.07,3.383993431,0.021299498,0.034284877,5.61,30.587,0.4606846,,,
India,2010,76.3,60.39741826,52.80826318,11,92.71,36.07,819.68,1573.95,1.81,91.37,4.98,398.01,68.81,1665.31,1670.29,192.92,1.72,1.637103828,0.511294888,1.226,2.421281762,15.03220606,1.86521358,3.829627686,1.191031564,72.9772992,0.481936109,2.201404035,1.67562E+12,8.497584702,1357.563727,211174.9823,693913.7834,141807.8366,4.42,0.0258973,23.03253742,1.513156657,0.104213538,-31088,-26088,-33043,-33043,-33133,152117,691.43,118.99,58.25,14.05,7.81,60.74,898.81,906.63,74.34,0.811983564,85.68425222,42.41651879,66.89906807,0.001283461,0.005055273,0.002545585,2.09,-1.277984,1234281163,10.82568807,-0.3786293,-0.0373795,23.37422095,10.38803979,691.44,92.71,36.07,819.68,1692.93,60.05,105.42,12.8,398.01,129.54,2564.13,2576.93,192.92,74.34,4.443014279,0.021610339,0.029009967,5.65,30.93,0.4432724,,,
India,2011,67.6,60.43004315,52.79817301,11.3,96.72,38.78,860.23,1664.31,1.7,96.49,-64.83,443.4,52.97,1760.8,1695.97,209.3,1.81,2.020306204,0.426447857,1.168,2.456492032,15.02556584,1.308999108,4.151939191,1.284156187,72.91409978,0.51386188,2.344885979,1.82305E+12,5.241315001,1458.104066,217390.8968,701246.0784,144498.8908,1.3,0.0059228,22.11797747,1.423785358,0.168701655,-44023,-32478,-43646,-43646,-44618,-44714,701.81,118.22,57.34,14.91,3.95,60.87,910.4,914.34,75.45,1.342550987,86.18204472,45.24319673,66.97611902,0.001294502,0.004953405,0.002576205,2.09,-1.326795,1250287939,11.00917431,-0.3445381,-0.0906831,23.46382169,10.1773872,701.81,96.72,38.78,860.23,1782.53,59.04,111.41,-60.88,443.4,113.84,2671.2,2610.32,209.3,75.45,5.306815147,0.017716063,0.030194785,5.65,31.276,0.4358186,,,
India,2012,79.9,60.42062566,52.65253818,11.7,97.46,39.85,989.12,1807.17,1.91,101.4,-64.83,431.78,65.39,1908.57,1843.74,221.52,1.66,1.490725928,0.447946243,1.163,2.452726073,14.88281945,1.859131124,5.123485743,1.2449921,71.47870516,0.528778172,2.429362179,1.82764E+12,5.456388753,1443.882435,244889.7379,701434.8162,142656.322,5.68,-0.1710446,21.22676722,0.765650626,0.141898661,-82172,-114927,-116815,-116814,-116516,-115784,695.63,117.45,56.44,15.78,9.36,61.01,905.42,914.78,76.56,1.303833464,86.67656079,48.08510146,67.05584145,0.001299554,0.004557211,0.002684505,2.18,-1.28931,1265780243,11.00917431,-0.4727815,-0.0719577,23.55342242,10.83677172,695.63,97.46,39.85,989.12,1924.61,58.35,117.19,-55.47,431.78,126.4,2814,2758.53,221.52,76.56,4.009669884,0.019479981,0.030120568,5.66,31.634,0.3994542,,,
India,2013,80.73804474,60.43946065,52.61755892,11.7,99.59,40.57,1006.04,1862.51,1.53,104.3,-64.83,469.25,59.84,1966.81,1901.98,226.26,1.73,1.211580981,0.472283546,1.174,2.496209637,14.95291769,1.318121722,5.701344815,1.231105561,71.32387638,0.541211585,2.435212618,1.85672E+12,6.386106401,1449.610451,249909.0702,707605.0967,141814.4732,2.1,-0.1717331,21.01879608,0.893952548,0.091860254,-545752,-534624,-544930,-544929,-545502,-534608,698.17,116.68,55.53,16.65,5.33,61.15,909.18,914.51,77.67,1.154074938,87.16750039,50.94117568,67.1380113,0.001312545,0.003965781,0.002672452,2.2,-1.229174,1280842119,11.00917431,-0.4706369,-0.0573845,23.64302315,11.00162569,698.17,99.59,40.57,1006.04,1979.19,57.07,120.95,-59.5,469.25,120.98,2875.98,2816.49,226.26,77.67,3.627618671,0.020313898,0.030202407,5.67,32.003,0.4327801,,,
India,2014,83.58521271,60.44719645,52.62462204,11.7,103.75,40.88,1123.44,2028.87,1.48,108,-64.84,500.41,64.05,2136.87,2072.03,235.75,1.72,0.977394728,0.478141998,1.178,2.578798353,14.8620754,1.25575335,6.149196451,1.362079641,70.76023437,0.559906875,2.471955557,2.03913E+12,7.410227605,1573.885642,266539.7108,711012.3885,143474.6214,6.1,-0.2060476,20.82547582,0.53639429,0.087581142,-502613,-496717,-502207,-501974,-499825,-484884,699.71,115.91,54.63,17.52,4.39,61.28,911.91,916.31,78.78,0.927377893,87.65476481,53.81088813,67.22285792,0.001331576,0.00383413,0.002740034,2.31,-0.997912,1295600768,11.41804788,-0.4477591,-0.0633363,23.73262388,9.984654191,699.71,103.75,40.88,1123.44,2144.78,56.11,125.52,-60.44,500.41,125.33,3048.79,2988.34,235.75,78.78,2.793775459,0.021490228,0.031548994,5.6,32.384,0.413294,,,
India,2015,88,60.43138851,52.6088141,12,107.82,41.48,1103.23,2038.42,1.53,111.8,-64.84,503.78,64.3,2150.22,2085.38,257.75,1.52,0.760087154,0.538022492,1.13,2.613336846,14.98432067,1.033761187,6.191089885,1.419276121,70.51792084,0.581181897,2.659112553,2.10359E+12,7.996253786,1605.605445,269466.7552,711874.7395,145724.5184,0.46,0.0900683,20.65212255,0.285905213,0.069161772,-81309,-55867,-83024,-83024,-70951,427584,700,115.14,53.73,18.38,3.36,61.42,913.43,916.79,79.89,0.354014207,88.13813263,56.69339984,67.31037222,0.001350395,0.003666085,0.002937063,2.29,-0.9484934,1310152392,11.97053407,-0.3914646,-0.0474092,23.82222461,10.56970905,700.01,107.82,41.48,1103.23,2153.56,55.26,130.19,-61.48,503.78,125.72,3063.65,3002.17,257.75,79.89,1.764172696,0.025641759,0.041088457,5.56,32.777,0.4278702,,,
India,2016,89.53488159,60.43138851,52.6088141,12.7,111.86,43.09,1097.81,2072.68,1.81,110.6,-34.27,525.1,66.71,2183.28,2149.01,269.4,1.47,0.804135881,0.544127802,1.105,..,..,..,..,..,..,..,..,2.2948E+12,8.256305502,1732.554242,..,..,..,2.37,0.0749455,20.49006748,0.35669715,0.034474522,140096,178220,-675,-666,61962,1909172,703.63,115.21,53.47,20,4.41,61.74,919.83,924.24,80.98,0.234217169,88.61740577,59.58787271,67.40056273,0.001368923,0.003950898,0.0031959,2.32,-0.9538398,1324517250,11.97053407,-0.306505,-0.0289695,23.91182535,11.14773842,703.63,111.86,43.09,1097.81,2187.89,55.28,130.61,-29.86,525.1,128.45,3103.11,3073.24,269.4,80.98,1.729645283,0.026508686,0.050135062,5.51,33.182,0.4409836,,,
India,2017,92.45683289,60.43138851,52.6088141,13.3,113.75,45.59,1157.77,2192.53,1.72,108.9,-34.27,558.99,69.07,2301.44,2267.16,291.23,1.48,0.939988105,0.499570519,..,..,..,..,..,..,..,..,..,2.65147E+12,6.795383419,1980.66702,..,..,..,4.22,0.0868715,20.34339284,0.457569725,0.036948621,249386,81664,1015,1066,76943,5345919,709.51,115.29,53.22,21.62,7.17,62.06,928.48,935.65,82.07,0.322149817,89.09243315,62.49361923,67.49364379,0.001397959,0.004006353,0.003384878,2.39,-0.7648019,1338676779,11.80811808,-0.2529919,-0.0012233,24.00142608,11.38744398,709.5,113.75,45.59,1157.77,2307.82,54.94,130.52,-27.1,558.99,131.14,3229.92,3202.82,291.23,82.07,1.962666427,0.025531516,0.044248939,5.41,33.6,0.3870479,,,
India,2018,95.19329834,60.43138851,52.6088141,14,118.84,47.54,1241.34,2309.22,1.44,125.3,-34.27,571.38,70.9,2434.52,2400.25,305.33,..,1.15119017,0.501269224,..,..,..,..,..,..,..,..,..,2.70111E+12,6.532989011,1996.915087,..,..,..,4.49,0.2842539,20.20920814,0.430342229,0.049505714,83585,25689,1009,1228,155887,80069,718.71,115.36,52.97,23.24,5.91,62.39,940.46,946.38,83.16,0.452287397,89.56293708,65.40956223,67.58940082,0.001477263,0.004080067,0.003523141,2.47,-0.9870132,1352642283,11.80811808,-0.2273288,0.0256504,24.09102681,12.02551587,718.7,118.84,47.54,1241.34,2424.58,54.41,148.54,-28.36,571.38,133.28,3374.99,3346.63,305.33,83.17,2.23321722,0.025819304,0.0436382,5.33,34.03,0.3519836,,,
India,2019,97.81528473,..,..,..,..,..,..,..,..,..,..,..,..,..,..,..,..,0.816504693,0.490688151,..,..,..,..,..,..,..,..,..,2.8705E+12,4.041554187,2100.751461,..,..,..,..,0.1708809,20.31709151,0.643561169,0.033988109,254508,310528,2955,3892,227616,-195,..,..,..,..,..,..,..,..,..,0.361661241,90.02869896,68.33481002,67.68782584,0.001433102,..,..,..,-0.7708004,1366417756,14.39114391,-0.1609437,-0.0304647,24.18062754,..,..,..,..,..,..,..,..,..,..,..,..,..,..,..,2.006413418,0.027154455,0.04633888,5.27,34.472,0.2690398,,,
India,2020,..,..,..,..,..,..,..,..,..,..,..,..,..,..,..,..,..,..,..,..,..,..,..,..,..,..,..,..,2.62298E+12,-7.964610411,1900.70681,..,..,..,..,..,..,..,..,..,..,..,..,..,..,..,..,..,..,..,..,..,..,..,..,90.48952503,71.26847596,67.78892869,..,..,..,..,..,1380004385,14.36464088,..,..,24.27022827,..,..,..,..,..,..,..,..,..,..,..,..,..,..,..,..,..,..,7.11,34.926,..,,,
India,2021,..,..,..,..,..,..,..,..,..,..,..,..,..,..,..,..,..,..,..,..,..,..,..,..,..,..,..,..,..,..,..,..,..,..,..,..,..,..,..,..,..,..,..,..,..,..,..,..,..,..,..,..,..,..,..,..,..,..,..,..,..,..,..,1393409000,..,..,..,..,..,..,..,..,..,..,..,..,..,..,..,..,..,..,..,..,..,..,..,35.393,..,,,
Japan,2006,100,12.81481481,11.91495199,51,130.8289729,147.52,30.25,504.47,1158.27,31.99,-97.63,235.19,21.17,1190.26,1092.63,249.92,0.27,0.000458448,1.650411796,1.36,4.53038E+12,1.420006556,35433.98896,121625.9359,32594.89861,48614.52843,10216.44779,-1.85,1.589435,41.12459266,0.001921466,0.004597528,1382979,16883282,98709,4422,606120,4041884,5337110,24.76,11.94,2.81,24.96,0,9.12,71.65,71.66,9.99,0.002235615,98.5715648,99.98073093,3.19118E-05,0.069728822,0.040415834,9.11,1.138634,127854000,9.375,1.260638,1.363448,68.39506173,24.76,147.52,30.25,504.47,1170.2,2.81,56.95,-97.62,235.19,30.29,1261.9,1164.29,249.92,9.99,0.018418384,0.064053372,0.007772619,4.1,87.118,0.9541233,,,,,,,,,,,
Japan,2007,100,12.75720165,11.86831276,50.7,134.2181752,142.57,28.61,557.16,1195.7,30.66,-97.79,232.03,21.2,1226.36,1128.57,242.75,0.26,0.000733099,1.486479982,1.329,4.51526E+12,1.654183881,35275.22843,125017.8697,35274.4865,49941.88531,10052.2011,3.09,1.447718,41.11803917,0.001773437,0.005421862,1406041,16627585,105638,8214,642550,4160718,5275108,24.64,11.83,2.65,25.52,0.02,9.17,71.62,71.64,9.62,0.002218292,98.61059154,99.97651901,3.02E-05,0.075730962,0.039088971,9.38,1.010045,128001000,9.375,1.129072,1.335137,68.41975309,24.64,142.57,28.61,557.16,1207.53,2.65,56.19,-97.77,232.03,30.37,1297.98,1200.21,242.75,9.62,0.021804507,0.060661625,0.01093532,3.9,88.146,0.9699463,,,,,,,,,,,
Japan,2008,100,12.69684499,11.81893004,49.7,140.4134348,134.07,26.32,532.88,1131.07,28.55,-97.88,212.15,18.25,1159.62,1061.73,233.72,0.24,0.001712232,1.517412376,1.34,5.03791E+12,-1.0935406,39339.29757,121093.6018,35854.53187,50906.03791,9792.728157,-5.57,1.460432,41.26583724,0.001440225,0.006036759,1294837,16460153,108405,8980,595714,3711036,5780704,24.12,11.43,2.56,26.72,0.02,8.86,71.56,71.58,9.3,0.002919046,98.64961829,99.97230708,3.04212E-05,0.074185946,0.037102662,8.85,0.8941537,128063000,9.375,1.131932,1.318866,68.44444444,24.12,134.07,26.32,532.88,1142.49,2.56,55.27,-97.86,212.15,27.11,1231.18,1133.32,233.72,9.3,0.024476917,0.061681024,0.009416769,4,89.103,0.9488592,,,,,,,,,,,
Japan,2009,100,12.64471879,11.78052126,49,158.8746295,124.89,26.2,502.25,1075.9,25.31,-98.01,200.12,21.08,1101.21,1003.19,227.56,0.27,0.000479914,1.541902225,1.278,5.23138E+12,-5.416412797,40855.17564,110645.5236,36120.31304,52235.27072,9334.145833,-5.27,1.454036,41.59420859,0.002049147,0.005618512,1390832,16294322,85691,8369,670137,3390068,4702553,23.85,10.95,2.47,26.71,0,8.47,70.36,70.37,8.86,0.001298356,98.68864503,99.96809516,2.84439E-05,0.073365745,0.033822042,8.38,0.9757358,128047000,11.25,1.098667,1.293836,68.4691358,23.84,124.89,26.2,502.25,1086.84,2.47,52.02,-98.01,200.12,29.55,1171.57,1073.57,227.56,8.86,0.01982152,0.065027136,0.009636204,5.1,89.989,1.021046,,,,,,,,,,,
Japan,2010,100,12.60082305,11.74759945,48.3,162.2964066,126.14,26.59,546.23,1131.76,24.32,-98.12,211.82,18.91,1156.08,1057.96,228.65,0.25,0.000830289,1.577221395,1.299,5.7001E+12,4.191739259,44507.67639,115489.0868,36232.78555,53680.33169,9606.306611,5.27,1.527408,41.73086372,0.00283501,0.004171026,1418170,16192562,20559,3987,663986,3455624,5475577,23.82,10.84,2.39,29,0,8.46,72.17,72.17,8.49,0.001626754,98.72767177,99.96388324,2.70003E-05,0.077343543,0.034371015,8.82,0.8793532,128070000,11.25,1.018737,1.326391,68.49382716,23.83,126.14,26.59,546.23,1142.6,2.39,53.32,-98.11,211.82,27.36,1228.24,1130.13,228.65,8.49,0.019286768,0.066662682,0.009671341,5.1,90.812,1.040693,,,,,,,,,,,
Japan,2011,100,12.51303155,11.67078189,48,177.9609429,124.86,27.61,603.56,1187.19,24.98,-49.5,218.36,17.38,1212.17,1162.67,223.03,0.26,0.001142289,1.701213324,1.249,6.15746E+12,-0.11542134,48167.99727,117646.2963,36272.82264,51101.04421,9084.796001,9.3,1.472547,41.76474286,0.003550018,0.005074173,1313138,15284548,38411,1604,741678,2830760,6214207,22.76,10.47,2.38,31.12,0.02,8.08,72.61,72.62,8.25,0.002297684,98.76669851,99.95967131,2.82316E-05,0.090467337,0.034524581,9.66,0.995092,127833000,10.83333333,1.079391,1.311966,68.48175583,22.76,124.86,27.61,603.56,1197.65,2.38,56.1,-49.48,218.36,25.47,1284.77,1235.29,223.03,8.26,0.021232249,0.070674064,0.009207107,4.52,91.069,1.071133,,,,,,,,,,,
Japan,2012,100,12.48010974,11.64883402,48.3,186.025418,121.32,28.49,652.83,1226.6,25.62,-49.56,214.45,17.31,1252.22,1202.66,220.7,0.25,0.00069061,1.704422419,1.238,6.20321E+12,1.495089586,48603.47665,121408.6208,36281.31927,50682.54447,9208.458516,3.42,1.415494,41.93943547,0.002685238,0.005020354,1319307,14895021,17522,28566,627341,2727400,5970234,22.23,10.46,2.37,34.18,0,8.09,74.81,74.82,7.95,0.002200968,98.80572526,99.95545939,2.95072E-05,0.094133083,0.03663301,10.01,0.9484429,127629000,7.916666667,1.143813,1.357793,68.4696845,22.23,121.32,28.49,652.83,1237.06,2.37,59.8,-49.56,214.45,25.4,1327.04,1277.48,220.7,7.95,0.020154049,0.074120762,0.010107454,4.3,91.148,1.101295,,,,,,,,,,,
Japan,2013,100,12.44993141,11.62688615,48.3,188.881476,125.28,27.97,658.43,1234.09,26.81,-49.64,216.34,16.02,1260.9,1211.27,218.03,0.25,0.000682118,1.65766291,1.216,5.15572E+12,2.000267841,40454.44746,120532.4231,36279.25346,51457.92228,9370.383001,0.9,1.618248,42.35348001,0.002036399,0.005102773,1323964,14400910,9480,14805,690481,2761813,6199479,22.6,10.43,2.35,36.96,0,8.09,77.72,77.74,7.75,0.002280065,98.844752,99.95124747,2.96446E-05,0.093944095,0.035440246,10.11,1.019142,127445000,8.125,1.115993,1.44361,68.45761317,22.6,125.28,27.97,658.43,1244.52,2.35,63.76,-49.63,216.34,24.1,1338.63,1289,218.03,7.74,0.023126909,0.071299529,0.010589402,4,91.226,1.109647,,,,,,,,,,,
Japan,2014,100,12.39506173,11.5829904,48.3,194.4280527,118.92,27.37,636.28,1193.26,26.56,-49.71,209.97,16.13,1219.82,1170.11,211.97,0.24,0.000617052,1.592171098,1.188,4.85041E+12,0.374719476,38109.41211,118378.6171,36279.25346,50404.18981,9073.551819,-2.92,1.812477,42.59001462,0.001706326,0.00590767,1241257,15034845,19593,18823,667432,2827680,5759449,22.44,10.2,2.23,41.06,0.04,7.97,81.16,81.2,7.46,0.002173158,98.88377874,99.94703554,3.12737E-05,0.090242107,0.033645401,9.83,0.9685974,127276000,8.125,1.142823,1.601478,68.44554184,22.44,118.92,27.37,636.28,1203.46,2.23,67.62,-49.67,209.97,24.1,1300.99,1251.32,211.97,7.46,0.026013885,0.071560583,0.011465999,3.6,91.304,1.036089,,,,,,,,,,,
Japan,2015,100,12.33470508,11.53635117,47.7,197.2844227,114.01,28.68,610.36,1155.55,25.94,-49.75,202.35,17.52,1181.5,1131.74,211.32,0.22,0.000360437,1.482082145,1.155,4.38948E+12,1.222921041,34524.46986,115510.4522,36279.25346,48941.83887,8878.070683,-2.88,1.784168,42.8018744,0.001740562,0.007644102,1110904,14708150,4602,688,687981,3242578,5530662,21.63,10.28,2.29,44.44,0.02,8,83.58,83.59,7.22,0.000836117,98.92280548,99.94282362,3.0048E-05,0.086023174,0.032743347,9.56,1.065128,127141000,9.473684211,1.217743,1.518585,68.43347051,21.63,114.01,28.68,610.36,1165.84,2.29,70.38,-49.74,202.35,25.51,1265.07,1215.33,211.32,7.22,0.028211418,0.070634953,0.01354141,3.4,91.381,0.9880549,,,,,,,,,,,
Japan,2016,100,12.26611797,11.478738,47.3,196.581694,111.56,30.43,608.59,1145.42,25.97,-32.06,197.98,18.39,1171.39,1139.33,208.9,0.21,0.000368076,1.500056004,1.126,4.92254E+12,0.521944455,38761.81815,..,..,..,..,0.85,1.821532,43.11136248,0.001491127,0.00447847,1161548,15341780,17510,1858,685751,3131641,5446639,21.51,10.01,2.3,47.79,0,7.7,86.34,86.35,7.04,0.000569898,98.96183223,99.9386117,3.06296E-05,0.087798885,0.031735032,9.65,0.9829442,126994511,9.473684211,1.428122,1.421093,68.42249657,21.51,111.56,30.43,608.59,1155.42,2.3,73.75,-32.05,197.98,26.1,1257.73,1225.67,208.9,7.04,0.027082357,0.073079365,0.0147819,3.1,91.457,0.9836274,,,,,,,,,,,
Japan,2017,100,12.1920439,11.41563786,47.3,..,115.44,30.71,589.35,1125.5,26.43,-32.07,196.8,16.85,1151.93,1119.86,207.07,0.21,0.000512442,1.780959254,..,4.86686E+12,2.168290737,38386.51115,..,..,..,..,-1.82,1.619905,43.50317324,0.001568956,0.00535261,1195193,14527611,28636,6969,678318,3218337,5705871,21.51,9.85,2.3,45.16,0.02,7.56,83.44,83.46,6.92,0.001527199,99.00085897,99.93439977,3.16304E-05,0.08599919,0.031016762,9.49,1.112167,126785797,10.10752688,1.376554,1.57062,68.40877915,21.5,115.44,30.71,589.35,1135.35,2.3,71.59,-32.05,196.8,24.4,1235.37,1203.32,207.07,6.92,0.037551762,0.09101936,0.015837316,2.8,91.535,1.003693,,,,,,,,,,,
Japan,2018,100,12.12620027,11.36351166,47.7,..,106.11,31.3,561.86,1080.72,25.43,-32.07,191.68,16.51,1106.15,1074.08,204.56,..,0.000429132,1.789320737,..,4.95481E+12,0.323207338,39159.42356,..,..,..,..,-4.04,1.674601,43.93716099,0.001855656,0.00729036,1263795,15816475,13723,10195,670507,3236194,5651950,21.56,9.71,2.3,42.54,0.02,7.41,80.62,80.64,6.8,0.001041035,99.03988571,99.93018785,3.16946E-05,0.082352798,0.029922945,9.13,1.049072,126529100,10.10752688,1.342974,1.53421,68.40877915,21.56,106.11,31.3,561.86,1090.42,2.3,67.97,-32.05,191.68,23.92,1186.77,1154.72,204.56,6.8,0.03595472,0.092164078,0.015952329,2.4,91.616,0.9844933,,,,,,,,,,,
Japan,2019,100,..,..,..,..,..,..,..,..,..,..,..,..,..,..,..,..,0.000306361,1.789375795,..,5.06487E+12,0.270308582,40113.06097,..,..,..,..,..,1.586322,44.25557238,0.059327959,0.004861223,1147727,15985944,20247,6435,677852,3392052,5331334,..,..,..,..,..,..,..,..,..,0.001170546,99.07891245,99.92597593,1.77929E-05,..,0.028922683,..,1.031847,126264931,10.10752688,1.32707,1.538249,68.40877915,..,..,..,..,..,..,..,..,..,..,..,..,..,..,0.088973515,0.099023229,0.016999739,2.4,91.698,0.9313421,,,,,,,,,,,
Japan,2020,..,..,..,..,..,..,..,..,..,..,..,..,..,..,..,..,..,..,..,..,..,..,..,..,..,..,..,..,..,..,..,..,..,..,..,..,..,..,..,..,..,..,..,..,..,..,..,..,..,99.07891245,99.921764,..,..,..,..,..,125836021,9.892473118,..,..,68.40877915,..,..,..,..,..,..,..,..,..,..,..,..,..,..,..,..,..,2.97,91.782,..,,,,,,,,,,,
Japan,2021,..,..,..,..,..,..,..,..,..,..,..,..,..,..,..,..,..,..,..,..,..,..,..,..,..,..,..,..,..,..,..,..,..,..,..,..,..,..,..,..,..,..,..,..,..,..,..,..,..,..,..,..,..,..,..,..,125300000,..,..,..,..,..,..,..,..,..,..,..,..,..,..,..,..,..,..,..,..,..,..,91.867,..,,,,,,,,,,,
Madagascar,2006,15.64221954,70.31846477,5.158716511,10.3,0.11,0.16,0.38,1.58,0.06,22.03,0.28,0,1.64,23.67,0.82,0,0.122455489,0.458,0.276838098,4.215983321,67.1847032,0.010265212,0.061577928,28.09441141,0.01896943,0.1372514,6395712392,5.39850845,338.7511983,48481.30622,7.734511468,18521.4838,5013.063127,-2.88,-0.5986828,49.12854726,0.002557706,0,4974,8074,-426,146474,-426,154974,-290,48674,23.28,2.5,0,0.22,0.52,2.5,26.63,27.14,0.64,0,40.88944092,6.6685501,23.40301483,0,0,0.000669792,2.69,0.1834861,18880265,6.875,-0.1742754,-0.4458058,21.92360973,9.201881621,23.28,0.11,0.16,0.38,4.07,0.28,22.54,0.28,2.49,28.27,50.81,0.82,0.63,5.624599583,0.004752564,0.025251123,2.84,29.425,-0.1102595,,,
Madagascar,2007,16.01587868,70.31846477,5.158716511,10.7,0.12,0.16,0.36,1.62,0.11,22.04,0.27,0,1.72,23.76,0.87,0,0.089952841,0.476,0.260783424,4.24036089,67.74861848,0.008959504,0.060088161,27.51574627,0.019782233,0.145661044,8524620739,5.710564197,438.6555158,50373.30734,8.467351141,18789.38796,5061.223674,2.6,-0.4644684,49.22772906,7.30016E-05,0,6545,2813,-1612,184535,-1615,188966,-1614,117682,24.69,2.39,0,0.26,0.38,2.39,28,28.37,0.65,0,41.76885109,7.083886375,23.66576196,0,0,0.000688647,2.68,0.0896575,19433520,7.874015748,-0.210702,-0.3836074,21.8430151,9.848061325,24.69,0.12,0.16,0.36,4.01,0.37,22.42,0.27,2.39,29.72,52.14,0.87,0.66,6.434247427,0.003670877,0.020911775,3.06,30.043,-0.1390652,,,
Madagascar,2008,16.39272118,70.32190391,5.158716511,10.7,0.11,0.17,0.42,1.72,0.06,22.04,0.3,0,1.78,23.82,0.89,0,0.068211938,0.457,0.261169747,4.608568957,65.79885332,0.008743895,0.064232839,29.11375619,0.020891704,0.123783349,10725137478,6.71263895,536.351379,46682.82581,8.577122325,18995.45408,5110.200761,-2.68,-0.6498098,49.30120573,0.003804376,0,1397,-2209,-3146,164360,-3206,165426,-2237,92931,23.48,2.29,0,0.3,0.17,2.29,26.75,26.93,0.68,0,42.65232181,7.497579574,23.92418403,0,0,0.000717589,2.54,-0.4700531,19996476,7.874015748,-0.3250708,-0.4496756,21.76242047,11.39145132,23.48,0.11,0.17,0.42,4.01,0.36,22.21,0.3,2.29,28.53,50.74,0.89,0.68,5.809365623,0.002772735,0.056990902,3.34,30.67,-0.3261529,,,
Madagascar,2009,17.4,70.32190391,5.158716511,10.3,0.13,0.11,0.38,1.63,0.05,22.03,0.28,0,1.69,23.72,0.85,0,0.114908668,0.396,0.215869415,4.299155601,68.63336288,0.007399931,0.063094809,26.65893166,0.019469472,0.102716227,9616879921,-3.978708646,467.5398004,53611.87905,8.634885497,19314.39684,5167.929074,1.81,-0.8023021,49.36083467,0.001699703,0,10889,1786,-820,105973,-769,108625,-776,24272,24.22,2.19,0,0.33,0.5,2.19,27.43,27.94,0.69,0,43.53751234,7.909237326,24.1769373,0,0,0.000589152,2.51,-0.7328526,20569115,..,-0.5246624,-0.733841,21.68182584,8.344148659,24.22,0.13,0.11,0.38,3.82,0.39,22.54,0.28,2.19,29.12,51.66,0.85,0.7,6.879038663,0.00484608,0.097711803,3.88,31.301,-0.8315294,,,
Madagascar,2010,12.3,70.32190391,5.158716511,10,0.14,0.15,0.45,1.81,0.06,22.04,0.32,0,1.87,23.91,0.89,0,0.236015515,0.375,0.220911725,4.434078918,68.20500044,0.011905985,0.066607141,26.92715108,0.021729645,0.112615071,9982711030,0.619229746,471.959197,53180.10701,8.667110682,19573.58409,5210.043603,1.04,-0.9596196,49.41226138,0.120966463,0,4840,7877,-1572,121388,-1416,130938,-1248,-1572,24.15,2.08,0,0.37,0.96,2.08,27.33,28.29,0.72,0,44.42527631,8.319053144,24.42442586,0,0,0.00060835,2.47,-0.9783388,21151640,12.5,-0.5662374,-0.8746201,21.60123121,8.535319381,24.16,0.14,0.15,0.45,3.89,0.43,23,0.32,2.08,29.19,52.19,0.89,0.72,5.808445183,0.009975408,0.111273338,4.28,31.938,-0.8454349,,,
Madagascar,2011,14.3,70.29108191,5.156455453,10,0.15,0.12,0.65,2.12,0.08,10.1,0.32,0,2.19,12.3,1,0,0.193201329,0.4,0.38513789,7.326919311,50.01263455,0.031304453,0.111997767,41.89193015,0.043184857,0.196891013,11551821062,1.578429421,531.2654985,24377.58352,8.687102302,19036.47792,5253.112109,-22.89,-1.032401,49.44870088,0.320174068,0,8826,9247,-2893,186028,-2897,198176,-2788,22164,23.57,2.17,0,0.44,1.02,2.17,26.94,27.95,0.75,0,45.3151096,8.726966182,24.66632788,0,0,0.000643132,1.85,-0.7055859,21743970,12.5,-0.5281697,-0.8879725,21.56904408,8.710322549,23.57,0.15,0.12,0.65,4.3,0.51,11.12,0.32,2.18,29.12,40.25,1,0.74,5.895025363,0.008026226,0.040177883,2.02,32.58,-0.879346,,,
Madagascar,2012,18.7,70.29108191,5.156455453,10,0.14,0.13,0.97,2.65,0.09,10.11,0.52,0,2.74,12.85,1.02,0,0.096425008,0.453,0.350271419,8.320011897,43.77405237,0.035420716,0.126498133,47.10942776,0.051120507,0.2331972,11578978053,3.011146408,518.1529543,19486.15126,8.701592388,19438.12646,5290.142957,1.94,-1.089161,49.48935016,0.289984588,0,10845,15764,-2650,170095,-1823,190041,-3038,22262,24.19,2.28,0,0.51,0.44,2.28,27.74,28.18,0.76,0,46.20695403,9.132998803,24.90256184,0,0,0.000692356,1.84,-0.536137,22346641,17.4863388,-0.5632995,-0.9060778,21.54632474,8.368253256,24.19,0.14,0.13,0.97,4.93,0.59,10.54,0.52,2.28,30.48,41.03,1.02,0.76,6.680621448,0.004193265,0.045916503,0.6,33.227,-0.8832707,,,
Madagascar,2013,12.9,70.29047783,5.156411138,10,0.11,0.11,1.09,2.84,0.09,10.1,0.57,0,2.93,13.03,1.07,0,0.07999075,0.488,0.338625327,7.783459497,51.42533455,0.041269258,0.122194199,39.99256887,0.053542274,0.243006029,12423557907,2.300386934,541.0660586,25177.45094,8.714038751,18311.79149,5264.713179,-2.47,-1.131513,49.28024126,0.540283151,0,17073,36238,-1760,348259,-1996,386705,-1996,31574,22.54,2.37,0,0.58,0.71,2.37,26.28,26.98,0.79,0,47.10030599,9.537082633,25.13282992,0,0,0.000656596,1.74,-0.6599934,22961259,17.4863388,-0.6486014,-0.9128757,21.52342042,8.785589908,22.54,0.11,0.11,1.09,5.21,0.67,10.81,0.57,2.37,29.2,40.01,1.07,0.79,6.754049568,0.003440569,0.049394679,0.94,33.878,-0.7633572,,,
Madagascar,2014,19.02375221,70.29047783,5.156411138,9.7,0.1,0.11,1.12,2.95,0.09,10.11,0.6,0,3.05,13.15,1.14,0,0.070815122,0.517,0.368403267,8.440398128,47.56727728,0.043451653,0.128123085,43.14062228,0.053981118,0.257743182,12522959157,3.339202244,530.8611206,22192.0705,8.714038751,18807.76273,5357.344076,0.25,-1.299935,49.03616859,0,0,4624,31823,-2454,327858,-2772,363027,-2885,39447,22.71,2.46,0,0.65,0.32,2.46,26.64,26.96,0.81,0.153476928,47.99556388,9.939330136,25.35728299,0,0,0.000703741,1.7,-0.5572358,23589897,20.52980132,-0.6921741,-0.7402294,21.50070127,8.441132082,22.71,0.1,0.11,1.12,5.42,0.74,10.43,0.6,2.47,29.68,40.11,1.14,0.81,7.24436896,0.003182806,0.05088345,1.33,34.534,-0.5003059,,,
Madagascar,2015,20.5437088,70.29047783,5.156411138,9.3,0.1,0.12,1.33,3.23,0.09,10.11,0.62,0,3.32,13.43,1.18,0,0.059984321,0.541,0.382235149,8.855765904,47.11375209,0.045318966,0.131694829,43.15703275,0.056690445,0.257509869,11323023787,3.132295888,467.2355537,21592.22912,8.714038751,18618.05393,5391.34649,2.55,-1.285814,48.76092563,0,0,797,18127,-4164,232099,-4417,254975,-4369,21076,22.57,2.57,0,0.72,1.02,2.57,26.68,27.71,0.83,0.071265882,48.89177354,10.3395749,25.57542294,0,0,0.000778933,1.7,-0.4273629,24234080,20.52980132,-0.7651789,-0.6873299,21.47798212,8.945308037,22.57,0.1,0.12,1.33,5.79,0.81,11.13,0.62,2.56,30,41.14,1.18,0.83,8.61530173,0.002858809,0.061102853,1.79,35.193,-0.3806086,,,
Madagascar,2016,22.9,70.29047783,5.156411138,9,0.09,0.12,1.23,3.12,0.09,10.11,0.53,0.05,3.22,13.33,1.22,0,0.064669846,0.541,..,..,..,..,..,..,..,..,11848615018,3.993146085,475.9556084,..,..,..,..,1.69,-1.167774,48.81050529,0,0,5046,6171,860,217922,-2747,230089,-2748,9069,23.52,2.59,0,0.8,0.73,2.59,27.78,28.5,0.86,0.059878806,49.78933803,10.73792899,25.78740796,0,0,0.000830892,1.68,-0.2900946,24894370,20.52980132,-0.6897418,-0.8136014,21.45527673,9.244850872,23.53,0.09,0.12,1.23,5.72,0.9,10.83,0.53,2.64,31,41.83,1.22,0.86,8.775705333,0.00315057,0.055144927,1.76,35.856,-0.3154095,,,
Madagascar,2017,24.1,70.29047783,5.156411138,9,0.12,0.12,1.42,3.4,0.09,10.11,0.54,0.09,3.5,13.61,1.24,0,0.037070265,..,..,..,..,..,..,..,..,..,13176313233,3.933316171,515.2933093,..,..,..,..,-3.04,-1.135797,48.85762001,0,0,7635,68660,4591,520792,-650,594824,-652,-643,21.73,2.63,0,0.88,0.83,2.63,26.12,26.95,0.88,0.102339877,50.68775606,11.13431368,25.99297481,0,0,0.000661519,1.59,-0.3012818,25570511,19.20529801,-0.6926262,-0.8593844,21.43255414,10.027545,21.73,0.12,0.12,1.42,6.03,0.98,10.94,0.54,2.72,29.62,40.56,1.24,0.88,7.653836669,0.001894547,0.051727708,1.73,36.522,-0.3442534,,,
Madagascar,2018,25.51556015,70.29047783,5.156411138,9,0.12,0.14,1.26,3.27,0.09,10.12,0.49,0.1,3.37,13.49,1.31,0,0.042016787,..,..,..,..,..,..,..,..,..,13614412551,3.2,518.401123,..,..,..,..,1.8,-1.150132,48.89712214,0.338168103,0,3403,45128,5911,555478,..,606095,-86,-20,22.67,2.65,0,0.97,0.6,2.65,27.21,27.8,0.91,0.144392346,51.58697984,11.52874444,26.19207649,0,0,0.000619877,1.57,-0.5794187,26262313,19.20529801,-0.7339826,-0.813552,21.40983156,10.39311762,22.67,0.12,0.14,1.26,5.93,1.06,10.72,0.49,2.75,30.57,41.29,1.31,0.91,4.771364184,0.002164195,0.05298975,1.69,37.191,-0.3278802,,,
Madagascar,2019,26.9071846,..,..,..,..,..,..,..,..,..,..,..,..,..,..,0,0.04206099,..,..,..,..,..,..,..,..,..,14191911512,4.4,526.2245722,..,..,..,..,..,-1.142615,48.93001352,0,0,1067,7836,899,397844,-52,406843,-137,59234,..,..,..,..,..,..,..,..,..,0.124809007,52.48607297,11.92103598,26.38428919,0,0,..,..,-0.3206965,26969306,15.89403974,-0.7298915,-1.008889,21.38712616,10.46711834,..,..,..,..,..,..,..,..,..,..,..,..,..,3.785326214,0.002327636,0.044660362,1.67,37.861,-0.2430632,,,
Madagascar,2020,..,..,..,..,..,..,..,..,..,..,..,..,..,..,..,..,..,..,..,..,..,..,..,..,..,..,13720634105,-4.200002074,495.4904009,..,..,..,..,..,..,..,..,..,..,..,..,..,..,..,..,..,..,..,..,..,..,..,..,..,..,..,53.38588491,12.31140011,26.56996593,..,..,..,..,..,27691019,17.8807947,..,..,21.36440358,..,..,..,..,..,..,..,..,..,..,..,..,..,..,..,..,..,1.92,38.534,..,,,
Madagascar,2021,..,..,..,..,..,..,..,..,..,..,..,..,..,..,..,..,..,..,..,..,..,..,..,..,..,..,..,..,..,..,..,..,..,..,..,..,..,..,..,..,..,..,..,..,..,..,..,..,..,..,..,..,..,..,..,..,..,..,..,..,..,..,..,..,28427000,..,..,..,..,..,..,..,..,..,..,..,..,..,..,..,..,..,..,..,..,..,..,39.207,..,,,
Philippines,2006,80.18,38.83690512,17.28879498,23,4.17,2.2,26.53,65.93,0.38,4.88,2.38,10.72,0.76,70.81,73.19,23.37,0.28,0.03388965,0.146848498,0.746,1.292101362,16.74453726,16.01000491,3.071794623,3.405721311,56.01537908,0.640886035,2.819575414,1.27653E+11,5.316416821,1452.438089,26353.34529,62387.343,8023.634324,-4.53,-0.1313469,38.87849169,0.793817449,0.141743414,3002,108639,14149,-529,1699729,1166,1715708,107396,2755012,55.49,6.01,0.27,1.48,0.02,5.74,74,74.02,11.02,0.330589691,88.31165428,63.49388054,..,8.89288E-05,0.002421899,0.003404504,1.68,-1.640324,87888675,15.25423729,-0.169674,-0.4109581,23.56889023,13.12730144,55.49,4.17,2.2,26.53,71.94,0.65,6.36,2.41,10.72,6.5,144.81,147.22,23.37,11.02,1.588888652,0.005699269,0.02082467,4.05,45.625,-0.0911425
Philippines,2007,82.06024933,39.54120133,17.74155683,23.7,3.78,3.67,28.99,69.4,0.38,5.16,2.38,13.08,1.2,74.56,76.94,21.98,0.33,0.063555234,0.245096701,0.719,1.253111872,16.62079019,15.61110326,3.168982869,3.347825579,56.53267493,0.647038351,2.81847295,1.5598E+11,6.51929155,1744.639979,27102.13535,63956.30946,8340.884245,3.77,0.0731165,38.92929991,2.186372742,0.14937992,1933,151946,10694,-141,1793597,262,1805255,166318,1795504,57.02,5.83,0.3,1.69,0.04,5.53,75.78,75.82,11.25,0.279063793,88.70770269,64.72975559,..,0.000114882,0.003138341,0.003423438,1.71,-1.602893,89405482,20.50209205,-0.1158655,-0.4642206,23.41141631,12.9604093,57.01,3.78,3.67,28.99,75.23,0.68,6.84,2.43,13.08,6.72,150.35,152.77,21.98,11.25,3.004121056,0.010002129,0.019904245,3.43,45.54,-0.1105415
Philippines,2008,83.3,40.27903545,18.27816346,24.3,3.99,2.97,31.65,71.56,0.38,5.17,2.38,12.55,0.79,76.73,79.11,22.2,0.3,0.145279828,0.227895879,0.697,1.318416881,16.66908874,15.11975938,3.740892691,3.308352102,56.43800731,0.650954261,2.754528643,1.81007E+11,4.344487305,1991.229749,27248.30432,65656.52762,8079.483463,2.09,0.016421,38.49640744,0.554091748,0.16940485,2289,21379,2198,-1565,2425047,817,2430414,39288,1701876,57.8,5.64,0.33,1.9,0.02,5.31,76.83,76.85,11.49,0.33244717,89.10442995,65.98141978,..,0.000119901,0.003129251,0.003420616,1.72,-1.778313,90901967,20.50209205,-0.0786918,-0.5456504,23.25394238,13.03351369,57.8,3.99,2.97,31.65,77.21,0.71,7.07,2.4,12.55,6.11,153.56,155.97,22.2,11.49,1.638418578,0.009263699,0.020994447,3.72,45.455,-0.1387526
Philippines,2009,84.3,40.58087668,18.44585304,25,5.03,2.99,31.35,71.85,0.38,5.67,2.38,11.16,0.64,77.52,79.91,23.3,0.28,0.070267627,0.28806305,0.674,1.327763229,16.90651269,15.07213122,3.143157588,3.111134126,56.77862936,0.798734198,2.861937588,1.76132E+11,1.448323063,1905.895236,26565.10314,66539.09662,8125.235409,1.28,-0.0265842,38.84990707,0.393027561,0.176506904,2425,302604,18693,961,1751902,2643,1774568,33716,3067723,58.75,5.47,0.36,2.11,0.02,5.11,78.05,78.05,11.72,0.25328702,89.50194018,67.24905618,..,0.000153168,0.003297907,0.003165663,1.71,-1.727586,92414161,20.97378277,-0.1061816,-0.5705019,23.09646846,11.69893557,58.75,5.03,2.99,31.35,77.32,0.74,7.78,2.4,11.16,5.74,155.57,157.97,23.3,11.72,1.293361479,0.012148575,0.021542353,3.86,45.371,-0.0277972
Philippines,2010,85.39570618,40.58087668,17.77509474,25,5.35,3.03,34.83,77.51,0.38,6.06,2.38,12.53,0.67,83.57,85.95,23.75,0.28,0.142961204,0.30867237,0.631,1.378499846,17.16533121,15.48116785,3.962267967,3.294474065,54.899595,0.900984727,2.917679343,2.08369E+11,7.33449996,2217.472153,28182.33227,65426.68301,7994.256883,3.66,0.0014643,39.03438628,1.11298316,0.121873532,4486,88432,11275,-38,2364706,3020,2378007,109892,1870789,58.04,5.29,0.39,2.32,0.2,4.9,77.6,77.8,11.96,0.294029775,89.90463834,68.53787476,..,0.000213726,0.002944815,0.003358714,1.74,-1.65076,93966784,22.14285714,-0.2335325,-0.5525689,22.93899453,11.63527559,58.04,5.35,3.03,34.83,82.79,0.77,8.37,2.58,12.53,5.57,161.17,163.75,23.75,11.96,2.010545291,0.013046316,0.025331689,3.61,45.332,-0.0391025
Philippines,2011,87.2,41.11748331,18.27816346,24.7,5.43,3.28,35.86,78.36,0.6,6.12,2.43,12.35,0.58,84.47,86.9,23.53,0.26,0.169770778,0.606698969,0.59,1.602528383,20.41344448,0.199469044,4.562413182,3.799465183,64.92900512,1.103811559,3.389863045,2.34217E+11,3.858232828,2450.735694,12536.40636,66530.44748,7954.268001,1.22,0.0902608,39.20376848,1.61395426,0.154230817,4074,66181,11273,988,692234,3126,706459,51630,2766557,58.4,5.4,0.38,2.86,0.02,5.02,78.84,78.84,12.18,0.410754644,90.32984172,69.86620672,81.58505343,0.000218389,0.003189004,0.003144916,1.73,-1.392182,95570049,22.88732394,-0.2276281,-0.5110275,23.0559949,11.84900078,58.4,5.43,3.28,35.86,83.75,0.98,8.97,2.44,12.35,5.6,163.3,165.75,23.53,12.18,2.711504812,0.025204295,0.026018374,3.59,45.522,-0.0199027
Philippines,2012,87.08,41.68762786,18.71415635,24.3,5.34,3.32,38.53,80.84,0.44,7.22,2.43,11.48,0.56,88.06,90.49,24.49,0.22,0.092052019,1.153832944,0.586,1.629694024,20.65214275,0.172692532,4.151454556,3.510379629,65.29409632,1.128430144,3.461110044,2.61921E+11,6.896951711,2694.305109,12150.79883,67541.98147,8015.239561,3.11,0.1080892,39.17176023,0.695846803,0.138312222,2796,136248,15747,979,989029,3910,1008252,57761,2996013,59.1,5.5,0.37,3.4,0,5.13,80.4,80.42,12.41,0.312759918,90.75373191,71.20451811,81.59789032,0.000228026,0.00273701,0.003220649,1.76,-1.18824,97212639,22.88732394,-0.0611084,-0.5231333,23.17299527,12.30592712,59.1,5.34,3.32,38.53,86.35,0.81,10.61,2.44,11.48,5.69,168.46,170.9,24.49,12.4,1.53547699,0.050177102,0.025959987,3.5,45.712,-0.0296867
Philippines,2013,87.5,41.72116578,18.74769427,24,5.76,3.39,44.59,90.09,0.44,7.71,2.43,13.15,0.59,97.8,100.23,25.56,0.23,0.057233481,0.881559625,0.578,1.721211672,20.47316545,0.220660036,4.533697246,3.608098691,64.69221121,1.268200542,3.482755149,2.83903E+11,6.750531301,2871.429701,13593.26576,68221.37265,8423.9038,6.66,0.118351,39.31955445,0.484159758,0.108697195,3298,341294,770,-310,396150,2141,398826,28403,2472301,59.84,5.61,0.36,3.94,0.04,5.25,82.01,82.05,12.63,0.310608123,91.17639999,72.5527742,81.61079482,0.000216869,0.003433827,0.003303698,1.84,-1.084253,98871558,27.33564014,-0.0719822,-0.403449,23.28999564,12.74382206,59.84,5.76,3.39,44.59,95.7,0.8,11.65,2.47,13.15,5.84,179.82,182.28,25.56,12.63,1.22809854,0.037917713,0.026179259,3.5,45.903,0.0063471
Philippines,2014,89.69213867,41.72116578,18.74769427,24.3,6.65,3.21,47.99,95.99,0.27,8.42,2.43,13.89,0.53,104.41,106.84,26.65,0.23,0.047117295,0.940033512,0.58,1.759721007,20.55701646,0.406192213,4.576593293,3.816719296,63.83453054,1.463921885,3.585305302,2.97483E+11,6.347987483,2959.645435,14409.25119,68561.92114,8575.855851,4.3,0.1927041,39.54525383,0.783912148,0.127223147,2034,574866,2368,..,1069517,5065,1076563,43142,2868593,60.18,5.72,0.35,4.48,0.06,5.37,83.24,83.28,12.85,0.283421906,91.59766387,73.91067261,81.62363144,0.00022838,0.002599006,0.003464946,1.89,-0.7138209,100513137,27.33564014,-0.0368149,-0.3174057,23.40699601,13.01551718,60.18,6.65,3.21,47.99,101.71,0.63,12.9,2.48,13.89,5.9,187.64,190.12,26.65,12.85,1.582532615,0.042250073,0.024623231,3.6,46.093,0.159266
Philippines,2015,89.08,41.72116578,18.74769427,24.7,6.48,3.75,51.88,104.16,0.27,9.51,2.43,14.11,0.6,113.67,116.1,30.82,0.22,0.02783386,0.956008778,0.6,1.887951964,20.85268846,0.492564094,4.771566858,3.677384761,62.76656436,1.43349759,4.117781906,3.06446E+11,6.348309717,3001.043182,15138.91642,68330.03021,8505.743654,4.78,0.1119681,39.731591,0.288563925,0.137490724,3640,431869,8369,-520,1076133,13905,1094462,67378,3384090,59.13,5.83,0.35,5.02,0.07,5.49,83.06,83.12,13.08,0.068033651,92.01770102,75.27825227,81.63653602,0.000218206,0.002463529,0.003701774,1.95,-0.8556625,102113206,27.24137931,-0.0430832,-0.3429787,23.52399638,13.01961059,59.13,6.48,3.75,51.88,109.99,0.62,14.52,2.5,14.11,6.08,196.72,199.22,30.82,13.08,0.769548074,0.04556268,0.030020605,3.07,46.284,0.1470693
Philippines,2016,92.04637146,41.72116578,18.74769427,25.3,7.91,4.01,56.04,115.04,0.29,9.88,2.46,16.76,0.71,124.92,127.38,33.34,0.25,0.045751946,0.864799934,0.614,..,..,..,..,..,..,..,..,3.18627E+11,7.14945675,3073.654686,..,..,..,6.44,-0.0104617,39.32686781,0.177643766,0.096635464,4412,779994,..,-333,437998,11693,445888,130194,4625824,59.03,5.94,0.34,6.28,0.1,5.6,84.56,84.66,13.3,0.044943394,92.43642247,76.65530655,81.6494406,0.000326609,0.002898942,0.003926149,2.05,-1.379819,103663812,29.79452055,-0.0041014,-0.3550694,23.64101016,13.08710069,59.04,7.91,4.01,56.04,120.98,0.63,16.16,2.56,16.76,6.31,209.48,212.04,33.34,13.31,0.617305579,0.042131114,0.031052326,2.69,46.475,0.1634221
Philippines,2017,93,41.72116578,18.74769427,25.3,9.3,4.91,64.12,126.7,0.22,9.88,2.46,17.79,0.9,136.59,139.05,34.38,0.24,0.063064005,0.44978556,..,..,..,..,..,..,..,..,..,3.28481E+11,6.930988326,3123.245642,..,..,..,7.69,-0.0546969,38.21881416,0.381783843,0.104458623,5747,477572,2978,..,862338,10036,872920,192419,5499341,62.15,6.05,0.34,7.54,0.02,5.72,89.29,89.3,13.54,0.04848724,92.85503057,78.04232901,81.66342606,0.000342625,0.002890457,0.004216467,2.17,-1.18508,105172921,29.45205479,0.019665,-0.417701,23.75802395,13.59379375,62.16,9.3,4.91,64.12,132.75,0.55,17.42,2.48,17.79,6.61,225.87,228.35,34.38,13.54,0.894708488,0.022987159,0.030508455,2.55,46.682,0.0841495
Philippines,2018,94.43275452,41.72116578,18.74769427,25.7,10.03,4.99,70.44,132.36,0.22,9.88,2.46,15.39,0.65,142.24,144.7,35.64,..,0.068932819,0.43989156,..,..,..,..,..,..,..,..,..,3.46842E+11,6.341485571,3252.110274,..,..,..,2.83,0.0531931,38.7572337,0.385978707,0.189276781,5573,914790,462,..,1755178,12189,1764040,191107,6690483,61.37,6.16,0.33,8.81,0.02,5.83,90.1,90.12,13.77,0.073291743,93.27349616,79.43866535,81.67862742,0.000369698,0.003262638,0.004301416,2.2,-1.092062,106651394,29.45205479,-0.0615247,-0.4749934,23.87500419,14.04753328,61.37,10.03,4.99,70.44,138.51,0.55,18.68,2.48,15.39,6.48,232.34,234.82,35.64,13.77,0.919484638,0.022657872,0.029075724,2.34,46.907,0.0136249
Philippines,2019,95.62862396,..,..,..,..,..,..,..,..,..,..,..,..,..,..,..,..,0.046460314,0.529366475,..,..,..,..,..,..,..,..,..,3.76823E+11,6.118525663,3485.340844,..,..,..,..,0.0520084,39.35710411,0.299152747,0.135116136,6141,458442,51810,2649,2957567,27643,3029732,178054,7153746,..,..,..,..,..,..,..,..,..,0.049249791,93.69155849,80.8435005,81.6949777,..,..,..,..,-0.9151124,108116622,27.96052632,0.0083691,-0.4769835,23.99201798,14.48847302,..,..,..,..,..,..,..,..,..,..,..,..,..,..,0.681587056,0.029294896,0.0378903,2.24,47.149,0.0065084
Philippines,2020,..,..,..,..,..,..,..,..,..,..,..,..,..,..,..,..,..,..,..,..,..,..,..,..,..,..,..,..,3.61489E+11,-9.573029875,3298.829851,..,..,..,..,..,..,..,..,..,..,..,..,..,..,..,..,..,..,..,..,..,..,..,..,..,..,..,94.10903456,82.25604781,81.71247639,..,..,..,..,..,109581085,27.96052632,..,..,24.10903176,..,..,..,..,..,..,..,..,..,..,..,..,..,..,..,..,..,..,3.36,47.408,..
Philippines,2021,..,..,..,..,..,..,..,..,..,..,..,..,..,..,..,..,..,..,..,..,..,..,..,..,..,..,..,..,..,..,..,..,..,..,..,..,..,..,..,..,..,..,..,..,..,..,..,..,..,..,..,..,..,..,..,..,..,..,..,..,..,..,..,..,..,..,111047000,..,..,..,..,..,..,..,..,..,..,..,..,..,..,..,..,..,..,..,..,..,..,..,47.684,..
Sri Lanka,2006,82.05,38.90926487,16.74374103,12.3,88.69948412,0.4,1,3.4,11.78,0.63,2.5,1.17,0.82,12.41,14.9,5.99,0.13,0,0.439432604,0.533,1.834835102,21.68781981,12.87450626,0.754815713,0.471058897,59.05130898,0.305086172,3.02056907,28279814925,7.6682919,1435.816813,3253.682866,12502.19565,837.846772,-5.53,-0.1612208,33.54451609,0.001244272,0,0,84043,0,0,16970,185,17090,210,1188660,6.08,2.22,0,0.22,0,2.21,11.51,11.51,3,0,83.9664351,82.19374352,0,0,0.004408872,1.34,-1.421803,19695977,4.888888889,-0.2728167,0.1753448,33.94578217,14.57725918,6.08,0.4,1,3.4,14,0,0.85,2.5,1.17,3.04,23.92,26.41,5.99,2.99,0.164174282,0.017054616,0.024936135,6.5,18.288,-0.3101588,
Sri Lanka,2007,80,38.11194387,15.94642003,12.7,84.99441695,0.42,0.36,4.11,12.94,0.65,2.48,1.14,0.7,13.59,16.07,6.57,0.12,0,0.450188097,0.496,2.010084168,22.66606553,13.20338929,0.819117836,0.532622877,56.9613614,0.384558857,3.422800044,32350248411,6.796826119,1630.388906,3342.754441,11871.32933,852.6590388,3.62,-0.0842959,33.60934246,0.002480299,0,13,78758,105,77,129420,195,129721,0,972115,5.76,2.26,0,0.25,0,2.26,11.3,11.3,3.03,0,84.64173559,83.12530943,0,0,0.004465436,1.38,-1.748257,19842044,5.777777778,-0.2877894,0.1295962,33.84563865,14.22160859,5.76,0.42,0.36,4.11,15.2,0,0.9,2.48,1.14,2.96,24.89,27.37,6.57,3.03,0.196497794,0.018371685,0.022922564,5.97,18.272,-0.4352549,
Sri Lanka,2008,82.88735199,41.38095997,19.13570403,13.3,..,0.43,0.33,4.02,12.12,0.69,2.47,1.08,0.56,12.81,15.28,6.02,0.11,0,0.43422038,0.43,1.823410233,20.56796165,11.67942609,0.761324761,0.482607489,61.60245928,0.330235954,2.75257454,40713812310,5.950088145,2037.322103,3313.973242,13695.74466,877.8348155,1.1,-0.1228165,33.66925839,0.020658669,0,35,83193,8996,17099,74804,4,99197,2443,954209,6.73,2.3,0,0.28,0,2.3,12.39,12.39,3.07,0,85.31870248,84.06120881,0,0,0.004322665,1.38,-1.796857,19983984,5.777777778,-0.3669674,-0.0118438,33.74549514,13.27733443,6.74,0.43,0.33,4.02,14.42,0,0.97,2.47,1.08,2.86,25.2,27.67,6.02,3.07,0.168491008,0.017650547,0.022098778,5.22,18.257,-0.4648744,
Sri Lanka,2009,87.09,40.02551427,17.54106203,13.3,86.06349191,0.37,0.31,4.12,11.57,0.72,2.47,1.03,0.55,12.29,14.76,5.5,0.1,0,0.409630252,0.4,2.011831525,21.60985397,12.22288694,0.934756212,0.510618633,59.74885191,0.405037964,2.556162837,42066217872,3.538912053,2090.401826,3356.247328,12919.83643,892.5541423,-3.08,-0.1481891,33.7338511,0.017457922,0,19,28031,301,3979,69232,4,73124,1679,1056913,6.3,2.34,0,0.31,0,2.34,12.07,12.07,3.11,0,85.99720724,85.00146421,0,0,0.004109439,1.33,-1.342192,20123508,5.777777778,-0.2784031,-0.1070998,33.64535162,12.80032048,6.3,0.37,0.31,4.12,13.91,0,1.03,2.47,1.03,2.89,24.35,26.82,5.5,3.11,0.15402492,0.017275468,0.025900151,5.85,18.242,-0.4803367,
Sri Lanka,2010,85.3,41.77962048,19.13570403,13.7,71.58531844,0.45,0.38,3.41,12.41,0.66,2.46,1.02,0.6,13.07,15.53,6.92,0.09,0,0.443178746,0.384,1.885722219,20.35122299,11.27905251,0.845591462,0.436170034,61.70355146,0.341803423,3.156885898,56725749222,8.015967371,2799.648738,3498.678903,13983.39194,940.2540672,4.61,-0.1950748,32.69381959,0.005746839,0,0,11208,100,1835,148621,-1,150374,1631,944949,6.65,2.39,0,0.34,0,2.38,12.52,12.52,3.15,0,86.67712252,85.94608387,0,0,0.004384367,1.38,-0.9429469,20261738,5.333333333,-0.2178601,-0.1214751,33.5452081,11.30003056,6.65,0.45,0.38,3.41,14.79,0,1,2.46,1.02,2.98,25.59,28.05,6.92,3.15,0.187351776,0.018731349,0.026119051,4.78,18.226,-0.5052291,
Sri Lanka,2011,87.76,43.53372668,20.73034604,14.7,71.10810938,0.49,0.99,5.19,14.67,0.75,0.65,1.01,0.61,15.42,16.07,7.38,0.09,0,0.499823524,0.352,1.988208561,19.52033596,13.22209558,0.810973501,0.509048661,60.14621432,0.447105916,3.356017503,65292753005,8.404733021,3200.861132,4224.041842,14242.63592,981.2409494,3.88,-0.1114646,32.96955852,0.00972197,0,44,8243,239,4,37229,24,37490,-1,1325775,6.99,2.47,0,0.42,0,2.47,13.07,13.07,3.19,0,87.3586998,86.89504756,0,0,0.004984895,1.43,-0.7247714,20398496,5.777777778,-0.1136863,-0.1222856,33.62557806,11.25639334,6.99,0.49,0.99,5.19,17.14,0,1.17,0.65,1.01,3.08,28.49,29.14,7.38,3.19,0.167906374,0.020764333,0.022784412,4.12,18.211,-0.5450529,
Sri Lanka,2012,87,42.89586988,19.93302504,15.7,68.71039465,0.54,1.23,6.51,16.07,0.76,0.64,1.13,0.52,16.83,17.47,7.37,0.1,0,0.502902467,0.329,2.327264894,19.47428838,13.64248171,0.981982,0.586250038,59.23907028,0.549150815,3.199511893,68434409315,9.144572246,3350.521876,4517.521282,14209.98992,999.3688345,4.69,-0.2076246,32.05865699,0.009795569,0,128,17528,179,1,45704,23,45904,99,1119148,6.76,2.56,0,0.5,0,2.56,13.03,13.04,3.22,0,88.04181203,87.84836699,0,0,0.005347584,1.49,-0.7170792,20425000,5.777777778,-0.1124752,-0.1223696,33.70594801,10.40841476,6.76,0.54,1.23,6.51,18.63,0,1.26,0.64,1.13,3.07,29.86,30.51,7.37,3.22,0.140422702,0.02186988,0.026455913,3.88,18.196,-0.5752793,
Sri Lanka,2013,90.2,43.69319088,20.73034604,16,70.82110606,0.56,1.11,4.08,13.74,0.74,0.63,1.01,0.37,14.48,15.11,7.73,0.08,0,0.51954631,0.324,1.776526583,19.11038486,12.37376746,0.735983984,0.46090358,61.86250453,0.372421863,3.307507143,74317806538,3.39573265,3610.289363,4278.819281,14986.01182,997.3195182,-7,-0.17006,33.73815629,0.005061756,0,549,16679,290,23,23722,24,24053,1120,934594,6.77,2.65,0,0.58,0,2.65,13.26,13.26,3.26,0,88.72831319,88.80582519,0,0,0.004638213,1.38,-0.6128954,20585000,5.777777778,-0.1534275,-0.2770237,33.78631797,10.48662317,6.77,0.56,1.11,4.08,16.39,0,1.32,0.63,1.01,3.02,27.74,28.37,7.73,3.26,0.113822997,0.022346767,0.027133064,4.24,18.198,-0.5941756,
Sri Lanka,2014,92.63770294,43.69319088,20.73034604,16,71.33279838,0.55,1.46,6.84,16.88,0.72,0.62,1,0.36,17.6,18.22,8.13,0.08,0,0.515989741,0.275,2.299313394,21.57486552,13.98069864,1.080283104,0.670256958,55.98800671,0.608630107,3.797945568,79356449841,4.960700592,3819.25353,4552.997633,12521.59874,1017.949389,10.03,0.0535279,33.49239632,0.004538991,0,259,88123,29599,471,569603,288,599851,3,1178545,6.31,2.73,0,0.67,0,2.73,13,13,3.29,0,89.41811478,89.76742397,0,0,0.005092492,1.5,-0.330464,20778000,5.777777778,-0.1011968,-0.1701762,33.86668793,10.13750624,6.3,0.55,1.46,6.84,19.62,0,1.38,0.62,1,3.1,30.6,31.22,8.13,3.29,0.110981946,0.023191306,0.026566594,4.19,18.218,-0.667201,
Sri Lanka,2015,94.3347702,44.26994975,21.00399076,16.3,77.65039412,0.66,1.17,6.81,19.49,0.87,0.61,2.96,0.39,20.36,20.97,8.68,0.23,0,0.4964995,0.334,2.164219477,20.31461789,12.81318744,0.942247302,0.635472467,58.60345057,0.579613331,3.947191522,80604080689,5.007683305,3843.780672,4752.335735,13517.86518,1091.643366,10.54,-0.0095256,34.26996241,0.004023402,0,191,68635,10167,76,275355,-2,285594,7291,1207847,6.64,2.83,0,0.75,0,2.82,13.54,13.54,3.32,0,90.11102857,90.73319491,0,0,0.005150215,1.65,0.0903681,20970000,4.888888889,-0.0529576,0.0372322,34.39516585,12.37995191,6.63,0.66,1.17,6.81,22.32,0,1.62,0.61,2.96,3.21,33.9,34.51,8.68,3.33,0.123390773,0.023662804,0.030751716,4.52,18.256,-0.2961409,
Sri Lanka,2016,97.5,44.43151891,21.16555992,16.7,..,0.8,1.64,8.71,20.9,1.03,1.92,1.62,0.41,21.93,23.85,9.36,0.12,0,0.479493485,0.342,..,..,..,..,..,..,..,..,82401038710,4.486634531,3886.291502,..,..,..,7.83,-0.0263917,34.2719969,0.002519653,0,126,43055,1200,27,28291,-2,29519,7144,947578,6.17,2.89,0,0.95,0,2.89,13.37,13.37,3.36,0,90.80674449,91.70315408,0,0,0.005848229,1.76,-0.0040295,21203000,5.777777778,-0.1000357,0.1105179,34.34411,12.20138961,6.17,0.8,1.64,8.71,23.79,0,1.97,1.92,1.62,3.3,35.29,37.21,9.36,3.36,0.129035432,0.023359847,0.032682643,4.24,18.311,-0.0810782,
Sri Lanka,2017,97.5,44.59631945,21.33036046,17,..,0.95,1.7,9.7,22.28,1.03,1.91,0.7,0.49,23.31,25.22,10.44,0.05,0,0.481295492,..,..,..,..,..,..,..,..,..,87421762729,3.578169679,4076.747003,..,..,..,1.66,-0.1512185,35.01021516,0.001847725,0,140,181017,78473,-4,669318,-4,747795,3172,1249601,5.11,2.96,0,1.14,0,2.96,12.6,12.6,3.39,0,91.50516883,92.677305,0,0,0.005891848,1.76,-0.0711655,21444000,5.777777778,-0.1308368,0.0484503,34.29305414,12.53125198,5.12,0.95,1.7,9.7,25.24,0,2.17,1.91,0.7,3.44,35.92,37.83,10.44,3.39,0.096005308,0.024597535,0.033563966,4.05,18.384,-0.0619051,
Sri Lanka,2018,99.58686066,45.44807966,22.17121428,17,..,1.03,1.58,8.14,20.61,1.03,1.91,0.85,0.64,21.63,23.54,9.95,..,0,..,..,..,..,..,..,..,..,..,..,87954272082,3.272000479,4058.803511,..,..,..,-1.8,-0.232434,33.54550278,0.001628614,0,349,127730,25693,10752,310000,38,345395,3228,1179790,5.82,3.02,0,1.34,0,3.02,13.61,13.61,3.42,0,92.20617472,93.6556322,0,0,0.00574127,1.71,-0.1452709,21670000,5.777777778,-0.1755948,0.0257045,34.25804992,11.9818702,5.82,1.03,1.58,8.14,23.63,0,2.37,1.91,0.85,3.66,35.24,37.15,9.95,3.42,0.068919772,..,..,4.32,18.476,-0.0154676,
Sri Lanka,2019,100,..,..,..,..,..,..,..,..,..,..,..,..,..,..,..,..,0,..,..,..,..,..,..,..,..,..,..,83975584254,2.255176529,3851.56099,..,..,..,..,-0.1143393,33.74561614,0,0,7,110904,28997,..,369997,-2,398998,2194,971948,..,..,..,..,..,..,..,..,..,0,92.21602355,93.65439649,0,0,..,..,-0.2176228,21803000,5.333333333,-0.1844314,-0.0118801,34.20697013,11.55618746,..,..,..,..,..,..,..,..,..,..,..,..,..,..,0.073673388,..,..,4.27,18.585,-0.0884782,
Sri Lanka,2020,..,..,..,..,..,..,..,..,..,..,..,..,..,..,..,..,..,..,..,..,..,..,..,..,..,..,..,..,80706600229,-3.569076137,3682.038425,..,..,..,..,..,..,..,..,..,..,..,..,..,..,..,..,..,..,..,..,..,..,..,..,..,..,..,92.22757937,93.65293491,..,..,..,..,..,21919000,5.381165919,..,..,34.15589034,..,..,..,..,..,..,..,..,..,..,..,..,..,..,..,..,..,..,4.84,18.713,..,
Sri Lanka,2021,..,..,..,..,..,..,..,..,..,..,..,..,..,..,..,..,..,..,..,..,..,..,..,..,..,..,..,..,..,..,..,..,..,..,..,..,..,..,..,..,..,..,..,..,..,..,..,..,..,..,..,..,..,..,..,..,..,..,..,..,..,..,..,..,..,22008000,..,..,..,..,..,..,..,..,..,..,..,..,..,..,..,..,..,..,..,..,..,..,..,18.86,..,